iter	MultiClass
0	0.4169445259
1	0.224845467
2	0.1325480708
3	0.08534063928
4	0.05435788834
5	0.0381372649
6	0.02486622127
7	0.01893756708
8	0.01427805418
9	0.01182230231
