iter	MultiClass
0	0.382858244
1	0.2098639856
2	0.1247082187
3	0.07539642413
4	0.04861808423
5	0.03253870378
6	0.02257249219
7	0.0174850313
8	0.01209783292
9	0.01009463772
